No,userName,content,Label
1,Abdullah kurnain Husain,App nya lancar bagus..gk ribet lg buat cari tiket... mantap,Positif
2,Eko Wahyudi,Bagus. Dan sangat membentu,Positif
3,Tiara Dwi Pramesawari,"Aplikasi sangat membantu pemesanan tiket, banyak diskon dan promo menarik tersedia recommended",Positif
4,Modesta Mod,"mudah, senang, easy",Positif
5,Ainur Rofiq Achmad,"Mantap, banyak potongan harga tiket,banyak pilihan buss",Positif
6,Bedjo Hokki,Trimakasih sudah di hub call center dan atas penyelesaian masalahnya ,Positif
7,fazal muttakun,Palayanan ramah banyak diskon pula ... Puas deh pake redBus,Positif
8,Dodi Jumadi,Sangat membantu dan pelayanan memuaskan,Positif
9,Abdul Hamid,Good. Pelayanan dan fasilitas oke,Positif
10,David Kharismanto,"Saya sudah bandingkan dg aplikasi biru, harga lebih murah dan ada voucher spesial pelayanan ramah dan solutif. rekomendasi bgt deh. Sekarang redbus pelayanannya jauh lbh baik dibandingkan dulu.",Positif
11,chandra widodo,Aplikasi mantap top markotop cepat cari bus dan layanannya terbaik..,Positif
12,Aditio Putra,Saya sebagai pengguna transportasi darat pertama di bus ini sungguh sangat puas dengan adanya aplikasi ini dan juga untuk pelayanan admin customer service sungguh cepat dan tanggap.,Positif
13,Heri Yanto,Memudahkan Pembelian tiket tanpa repot2 ke agen bus ny Sangat membantu sekali Dan dapat diskon untuk pengguna yg baru download aplikasinya Lumayan lah,Positif
14,Joksis,Mudah dan nyaman. Silahkan coba bisa pakai kode referral reduqhw6 Terima kasih ,Positif
15,Litte O Shop,"Proses cepat, harga sangat kompetitif dan diskonnya juga lumayan banget. Terimakasih banyak Red Bus.",Positif
16,andrea kalolo,sangat membantu,Positif
17,toto s,pelayanannya bagus dan cepat,Positif
18,Arif Budi Setyawan,"Selama setahun menggunakan aplikasi ini belum pernah mengalami kendala apapun. Sejauh ini cukup memuaskan, untuk 2 PO bus langganan saya (Haryanto dan Agra Mas).",Positif
19,Dede R.Sonjaya,Mantap...dirutinkan diskonnya dong ,Positif
20,meifi nandya,Buat beli tiket lebih gampang,Positif
21,Nendi Fachruli,Sangat membantu untuk tahu jadwal bus yg kita butuhkan...tapi klo bisa di tambah lagi PO yg ada di redbus,Positif
22,Alvaro Aditya,E ticket saya ga ada .. sudah di bayar .. mau komplain ga ada tanggapan..,Negatif
23,Tomi Hernanta,Kenapa gak bisa pesan kursi.....,Negatif
24,Metta Layungsari,Sangat membantu,Positif
25,Aldrion Wijaya,"Ini emg pas hari berangkatnya baru dikabarin atau gimana si,saya hubungi operatornya 1 hari sebelum berangkat kok gak bisa",Negatif
26,indah suryana,Sangat membantu,Positif
27,Febrianti Sari Fitriani,"Aplikasi gak bermutu , orang pilih pesan tiket dari aplikasi tuh biar memudahkan bukan malah bikin ribet, pesan dari jauh2 hari dengan harga yang sudah pasti dan sudah dibayar, H-1 mau berangkat harga dinaikin, disuruh pilih mau nambah harga atau dibatalin, gak ngotak.!!!!!",Negatif
28,BASUKI Wiratno,"mudah di gunakan , CS responya cepet dan ada diskonya",Positif
29,Jeff Chiang,"Aplikasi gk jelas,Medan ke bandung gk ada bus ny...ha5...",Negatif
30,pindang Pegagan,pelayanan terbaik bagi konsumen,Positif
31,nst gozali,Merespon permasalahan yang saya alami begitu cepat..,Positif
32,Rido Sugiarto,Sangat membantu,Positif
33,lagu minang kabau,Untuk melakukan pembayaran aja loading nya lama. Dan udah d ulang gagal terus.,Negatif
34,Farida Nur fajriah,"Saya sudah mesen sudah melakukan pembayaran, tapi tiba2 tiket gagal uang juga gak balik. Gimana ini ya kok kaya gini jadi aplikasi",Negatif
35,be'ans jocelyn,Refund sudah di aprrove tapi uang nya ngak dibalikin. Mana ngak ada nomor yg bisa dihubungin lagi.,Negatif
36,Buchori Muslim,"Tidak bs pesan tiket, di suruh setuju syarat dan ketentuan tp tidak ada yang harus di pilih",Negatif
37,Nasa Nasa,Bus sapu jagat banyak premannya .,Negatif
38,Sugeng Purnama,"Ga sesuai pemberangkatan, Gajelas",Negatif
39,Brian Awiruddin,"Saya tahu aplikasi ini dari teman saya, namun saya sendiri belum pernah menggunakannya. Dari review mereka sih cukup bagus, mungkin saya bisa mencobanya dikemudian hari!",Positif
40,danny wicaksana,"Pesan bus dari awal tujuan karawang, eh waktu sudah menyelesaikan pembayaran dan e ticket keluar malah yg ada tujuan berubah jadi sebelum tol cikampek. Alhasil diturunin di pinggir tol. Mana sudah komplain gk ada solusi sama sekali, entah dr PO atau redBus..semua saling lempar tanggung jawab. kecewa saya pesen lewat ni aplikasi. Sperti beli kucing dlm karung.",Negatif
41,Ach Ridwan,"Saya pesan uang sudah di transfer tapi gagal tapi uang tidak kembali, minta bantuan di menu pilihan udah di kirim sesuai intruksi tapi setelah saya kirim semua tapi tidak ada balasan lagi ada sangat kecewa",Negatif
42,ARIE PURNOMO,Trimakasih Redbus atas kemudahan dalam membeli ticket online. Semoga semakin berkembang dan terus selalu meningkatkan pelayanan.,Positif
43,Tanpa Nama,"Kecewa, jadwal tidak akurat. Di aplikasi tertulis jadwal bus jam 15.15, ternyata jadwal aslinya jam 18.05.",Negatif
44,Maya Ramli,masuk nya susah amat nih aplikasi begitu sdh pesan hrs install ulang dulu.. why? jgn alasan nya jaringan Mulu.. lagi aman ko jaringan gw.. Lagian byr ko.. jgn persulit Bosque.. biar pemesan happy.. oke perbaiki pelayanan nya,Negatif
45,Tri Aulad,Tidak profesional...sdh berhasil bayar dan dinyatakan sukses tiketnya..tiba2 trm wa gagal krn blm trm pembayaran..di tunggu diatroum senen di cititrabs nama saya tdk ada..tapi keukeuh bilang sdh berhasil ..akhirnya say beli tiket tunai ke driver cititrans...tapi dana dari redbus tdk dikembalikan? Pelayanan yg buruk sekali,Negatif
46,Freaky chef World,Jelek banget...beda kualitas MENGECEWAKAN...!!! SUDAH BOOKING DAN CONFIRM TAU TAU DIBATALKAN SEPIHAK OLEH APLIKASI KECEWA...!!!,Negatif
47,Haswida Sari,bisa pilih kursi dan diinfo batas jadwal ulang,Positif
48,Muji Rahma,"Buat event nya ngga jelas banget, masa blom pake vocher nya, tapi ngga bisa dipake, trus event undang teman percuma juga dapet nya 40k tapi bisa dipakenya cuma berpa persen doang, ngga ada keterangan diawal lagi, jadi rugi dikitanya, mending dapet nya 10k /15k per referal, tapi bisa digunain semua",Negatif
49,Muji 1989,Hapus saja deh aplikasinya.... Maaf ya..... Tidak memuaskan.....,Negatif
50,Badokz ajah,Apk ini bagus tp sayang masih banyak po. Yg blm masuk red bus jd pilihan armadanya masih sedikit,Positif
51,Rohman Saputra,"aplikasi redbus sangat membantu, memudahkan saya dalam pemesanan tiket. serta jadwal keberangkatan yang sesuai dengan operator bus.",Positif
52,Susie Kuswarto,"Kapok pake redbus, jam brgkt tdk sesuai dgn jadwal, Jadwal Brgkt jam 15.45, kita di jalan 15.15 (sampai agen agramas kurleb 10 menitan, tp crew bis agramas bm87 td mau nunggu, alasannya suruh dtg 1 jam lbh awal, kita tau dr mana kalo suruh dtg lbh awal 1 jam, sedangkan jam keberangkatan 15.45, kenapa jd kita yg di salahkan) Akhirnya pindah lg ke bekasi timur, crew nya ngomel2 lg katanya kita bohong bilang dekat pintu tol bekasi timur, Pdhl kita nunggu krn ke halang mobil ambulance lewat, ",Negatif
53,Seti Yadi,"Mudah pesan tiket scr online dan semoga kedepannya setiap bulan ada promo potongan untuk pengguna lama, tks.",Positif
54,Ahmad Muhammad,"Cukup simple,membantu utk moda bepergian. Saya pakai red bus utk mendapatkan armada aman. Hasil feedback dr penumpang sebaiknya ditindaklanjuti ya...utk perbaikan pelayanan yg maximal. Good",Positif
55,Belinda Alviana,Bagus banget pelayanannya,Positif
56,Muhamad Slamet,"Sangat membantu dan memudakan dalam pemesanan tiket bus, tanpa repot datang ke loket membeli tiket. Bisa memesan tiket jauh hari dan bisa memilih tarif bus sesuai keuangan yang ada saat akan berpergian..",Positif
57,Dewa tegar febriyansah,Masa ga bisa ubah tanggal perjalanan,Negatif
58,Lia Maharani,Aplikasi nya kurang kerja sama apa ya? Udh pesan kursi nomor 1 malah di pindah kursinya.. kapok make applikasi ini... mending uninstall...,Negatif
59,Gojeg Uhuy,Aplikasi ga jelas tdk ada kesuaian dg pihak operator bus... Sering² pesan kursi depan tp giliran boarding di pindahkan kursinya... Apa karena kurang kerja sama? Pikir² lagi deh kalo mau pake aplikasi ini.. udh kapok.. mending uninstall...,Negatif
60,Hari Lubis,Nomer PIC Bis yang diberikan penyedia jasa aplikasi tidak dapat dihubungi. Sungguh membuat konsumen kesulitan menghubungi. Dan Pihak Bis tidak menghubungi konsumen. Hal ini terjadi pada bis Agra Mas,Negatif
61,Risda Simarmata,"Dari Ciledug ke Cirebon aja memakan waktu hampir 3 jam, tolong dong primajasa di BERI PERINGATAN KEPADA PARA SOPIR - SOPIRNYA. Semakin kemari semakin buruk pelayanan primajasa",Negatif
62,Rahmad Dwi,Aplikasi yg sangat bermanfaat,Positif
63,metta metta,"udah paling bener beli tiket di terminal daripada aplikasi online gini. payment ga ke loading. akhirnya ga dapet tiket, refund juga nunggu",Negatif
64,Tatsuya_rentcar tatsuya,Harganya lebih mahal dari agen...dari poris ke Tayu harga agen 270.000 Harga redbus kok 320.000 Bus yang datang beda dari yang di photo,Negatif
65,Dhani Nopianto Supono,Cara lihat nama semua operator bus di apk redBus di mana,Negatif
66,EKO YUDI Alfianto,Selalu gagal untuk pembayaran via indomart,Negatif
67,Romadon Fadillah,"Sangat terbantu, tanpa repot2 keluar rumah, bisa bayar pake kartu kredit",Positif
68,Eko Pekanbaru,Aplikasinya gak bisa di buka,Negatif
69,Haidar Baqir rahman,"SAYA KASIH RATING 5,,,SUPAYA SEMANGAT UNTUK MEMPERBAIKI KESALAHAN YANG ADA,,,,DI APLIKASI INI!!!,,,SEMOGA KEDEPANNYA MAKIN BAIK DAN SELALU LEBIH BAIK!!!!,,,,DI TUNGGU KABAR SELANJUTNYA,,,YANG MENGENAI PROBLEM YANG ADA DI APLIKASI INI!!!",Positif
70,Rahmat Wahyudi,"Udah bagus dan sangat membntu, hanya beberapa PO saja yg harganya di atas harga agen, semoga bisa lebih d samakan dengan harga agen, tinggal klik ke indomarta atau alfa beres, dan masalah refund, dan pembayaran yg eror sih lebih baik lapornya ke IG cpet tanggap",Positif
71,aditya samudra,Mengecewakan...!! Jadwal bus tidak sesuai dgn yg di aplikasi. Saya harus nunggu 2 jam utk pemberangkatan.,Negatif
72,Alief Tutur Ramadhan,Saya sudah pesan sudah konfirmasi titik keberangkatan dan tidak ada kejelasan antara titik keberangkatan dengan red bus sudah menunggu lebih dari 3 jam dan tidak ada kabar,Negatif
73,Nadia n Suhita,"parah banget ini aplikasi. datanya nggak akurat, saya beli untuk executive, tapi setelah sampai di halte katanya penuh .. terus diganti jadi VIP . mana harganya di redbus sangat berbeda dengan di PO langsung . sangat mengecewakan!",Negatif
74,Aved Axel,"Mudah digunakan, harga sesuai PO dpt diskon pulak. Thanks",Positif
75,Akun Tumbal,Aplikasi beli tiket bis terbaik daripada sebelah warna biru itu,Positif
76,Pijar Syorgawan,Semakin mudah memesan tiket,Positif
77,Rian Drj,Sangat rekomen deh,Positif
78,Wahyu Noveriyanto,Bagus da cepat mudah,Positif
79,Moh Miftah,Sangat berguna,Positif
80,Faesa Syahputri Syaharani,"Boleh diketik kode refferal ini buat yang baru bikin akun ""REDGMOIX"" ..terimakasih",Positif
81,Anak Rantau,Pengalaman pertama kali lewat aplikasi redbus... Bis sesuai dan waktu penjemputan yg tepat... mudah dan lebih praktisOperator Customer servisnya juga ramah Semoga kedepannya semakin meningkat pemakainya ,Positif
82,Aurora Subaly,Praktis n keren,Positif
83,Ahmad Maulana Farizi,"Mantap, aplikasi sangat mudah digunakan, informasi juga lengkap, dan suka ada promo tertentu. Terimakasih redBus",Positif
84,E Cahya santoso,"Saya sdh pesen tiket surabaya bali pada tgl 23 dan saya batalkan pada tgl 23 malamnya Karena ada fasilitas refund dgn di potong admin sebesar 120 rb.. Dan katanya sdh di transfer pada tgl 25 agustus, faktanya sampai hari ini saya blm terima Layanannya mengecewakan",Negatif
85,Mohamad Soleh,Saya juga sering menggunakan transportasi BUS.,Positif
86,Dy Darmawan,"Aplikasi ini lebih tidak dipasang ... Sangat mengecewakan jadwal pemberangkatan tidak sesuai dgn yg tertera diaplikasi, dan uang tidak bisa kembali",Negatif
87,Asep Rohmat mulyadi,"Saya salah transfer, mau refund uang nya susah Coba yang ada diaplikasi juga ribet. Tolong dong customer service nya",Negatif
88,denny irvan,"Pelayanan cepat dan mudah, begitu juga di loket bus nya cepat respon utk mencetak bukti pembayaran/tiketnya.",Positif
89,Usep Usman N,"aplikasi untuk moda transportasi, paket tiket terusan lebih murah untuk yg rutin PP tiap minggu sangat membantu. aplikasi kadang harus hapus cache atau data, krn keluar aplikasi sendiri mungkin harus secara periodik update untuk bugnya",Positif
90,Nendra Setiawan,udh pesen pake redbuss kok masih ttp d sruh ngantri ke barisan penumpang beli tiket biasa...harusnya d bkin jalur sndri dan harus d dahulin ...percuma pake aplikasi ...mending gw beli langsung..!!!kecewa...!!! ,Negatif
91,andrean martin,"Bagus, pengamalan pernah ada masalah terkait dobel pembayaran, kemudian kuhubungi csnya, kemudian uangnya bisa balik lagi. Mantap",Positif
92,Antony Tri Susanto Itran,Saya pilih bis efisiensi dan selalu bilang bis tidak tersedia dan tidak bisa masuk ke pembayaran. Tolong dibenahi,Negatif
93,Pengguna Google,"Proses bookingnya gampang tapi pembayaran sudah mudah, dibandingkan 4 tahun lalu. Semakin membaik",Positif
94,SUMINI,Terbaik dan puas hati pelayanan baik,Positif
95,Dadang Dungky29,Ok sih harga sesuai,Positif
96,Gerry Rachmad,APLIKASI PENIPUAN !!! PENGEMBALIAN DANA SENGAJA DIPERSULIT SUPAYA HANYA KEMBALI 30%. JANGAN SAMPAI MENGGUNAKAN APLIKASI INI,Negatif
97,Agus Putra,Jadwal di aplikasi tidak sesuai jadwal po agen bus mengecewakan murigikan. Di cancel lewat aplikasi tidak bisa admin lelet,Negatif
98,Yuda Pratama,Sangat bagus pelayanan nya cukup baik Dan harga tiket terjangkau,Positif
99,Raditya Mahardhika,Pengen cobain sih pesan tiket online,Positif
100,Satria Satu,"Kecewa berat sama redbus,hari ini saya beli tiket di redbus standar doubel Dekker dengan bus PO Harapan Jaya,malah di agen saya di ganti VIP dan tanpa makan itu pun harga dikembalikan 15 rb Parah lagi AC bus bocor Tolong siapa yang bertanggungjawab",Negatif
101,Tria Octavianto,Aplikasi nya banyak diskon,Positif
102,Lusia Della,"aplikasinya tidak akurat , tidak jelas",Negatif
103,Izal Zali 113,Baru di aplikasi ini saya beli tiket online saya lupa pilih no kursi & saya berusaha menghubungi call center Redbus operator juga ga tau no kursi saya...di email tiket sayapun ga ada no kursi...aplikasi sangat tidak membantu..,Negatif
104,Endo Jr,Jadwal sering tiba2 hilang.,Negatif
105,Ragil Setiawan,Pelayanan dari redbus sudah cukup bagus. Tinggal lebih di tingkatkan saja.,Positif
106,Yobel Fernando,"fasilitasnya the best, semoga terus dijaga & ditingkatkan",Positif
107,tujuh enam,Tolong dong ngasih jam nya yang lebih pas. Jadwal redbus jm 15:38 kok sekarang jam 18:45 belum datang bis nya,Negatif
108,Manusia Biasa,"Tempatnya mantap, crew redBus loungenya super ramah dan tempatnya anak muda banget dan bersih yang terutama",Positif
109,Arif Scada,SANGAT MENGECEWAKAN!!!! Pembohongan terhadap publik.... Waktu brkt dan kedatangan sangat2 tidak sesuai dengan kenyataan. !!! Kita jadi banyak rugi akibat ktidaksamaan waktu yg di iklan kan..... Benar2 PAYa H.....!!!!!!!!,Negatif
110,arief skate,Mana otp nya gak masuk,Negatif
111,Patricia Irdy,"Staff nya ramah, tempatnya adem, ada mushola, ada loker buat charge handphone",Positif
112,Meildha Tarigan,"Tempat cozy bgt buat nunggu bus dingin, wc bersih, ada mushola, tanya2 selalu dibantu sama petugasnya. Top banget!",Positif
113,Barkun Suko,Setelah diupdate aplikasinya malah tidak bisa dibuka,Negatif
114,Iwan Purwanto,"Mantap pakai aplikasi ini buat mencari Bus Online perjalanan pulang kampung lebih praktis, Tks_Ajkk :)",Positif
115,Muhammad Radja,"Ini aplikasi keren, saya sangat puas banget…mudah... pertahankan ya dan tingkatkan ",Positif
116,guruh romantiko,"Pertama kali mau menggunakan aplikasi redbus sempat ragu, tetapi ternyata sangat membantu sekali untuk pemesanan tiket. Fiture² nya gampang dipahami dan mudah banget untuk digunakan. Tingkat keamanan sudah terakomodir banget. Pokoknya rekomendasi banget deh yang mau mudik atau traveling. Mantulll ....",Positif
117,A7 Sht,Trimakasihh Perjalanan PAsti),Positif
118,Akbar Alfandi Saputra,Banyak Error. Punya Sistem di Benerin Dulu. Contoh tuh kubu BIRU sebelah. Ga Banyak Error kek disini.,Negatif
119,Sultan Mubin Pro,Udah kapok pesan di online duit gk balik klo ketinggalan bus nya otomatis unistall,Negatif
120,Muhammad Aldy Nurdin,Saya sudah bayar tapi tiket belum dikirim juga tolong kembalikan uang saya,Negatif
121,Erline Saputra,"Ngabisin 2 jam terakhir buat booking single trip tp gagal krn macam2 alasan (abis input nama ga msk ke hal payment, payment ga msk ke hal visa, dll) ujung2nya gagal total",Negatif
122,Achmad Maulana Yusuf,Pengalaman pertama bagus,Positif
123,Dino Nindya,"Gimana red bus, giliran mau bayar erooorrr muluuu aduhhh kacau, coba dong diperbaiki,pesan tiket berkali kali giliran tinggal bayar ga bisa",Negatif
124,kulo inyong,"Lebih dipermudah lagi dalam pemesanan online melalui Redbuss app, lebih simple. Banyak bonus potongan tiket melalui redbuss app.... Sukses selalu.",Positif
125,soekarno m nur,Pelayanan ok. Cuman untuk di makassar dan sekitarnya mau di tambah armada atau PO biar makin gampang pemesanan tiketnya.,Positif
126,Undhan Putri,Mudah mencari bus antar kota antar provinsi ,Positif
127,D2T 1106,"Saya kecewa dengan aplikasi Redbus karena titik penjemputan berbeda dengan dilapangan, jadi bikin susah aja",Negatif
128,Yohanes Christiawan Hari Mukti,"Sampai sejauh ini, redbus adalah aplikasi paling bobrok dari semua aplikasi yg pernah saya pakai,, Saya kecewa dengan pelayanan yg setengah hati, bis saya dicancel 1 jam sebelum berangkat, uang saya sampai sekarang tidak dikembalikan, memang cuma 200rban, tapi sama sekali gg tanggung jawab, udah disuruh nunggu suruh kirim mutasi rekening, eh ujung2 suruh konfirmasi sendiri ke bank, lawak banget pelayanannya,, Saya sarankan mending pakai jalur agen bis, kasih rejeki ke agen2 bis daripada nih apli",Negatif
129,Maulidin Nur,Mantap. Rekomendasi banget ini,Positif
130,yoga rahmindra,mantap nih aplikasi,Positif
131,tazam mul (GESGE),"Susah pesen tiket disini, nyari bus dari bandung tujuan wonosobo aja gk ada",Negatif
132,Khori Effendi,Lebih murah di agen belinya hmm Tapi rekomendasi buat yang super sibuk kerja sama jauh agen,Positif
133,Ardani Thetrav,Terbaik lah pokok nya,Positif
134,Debby Wahyu,"Hati2 tiket disini ga online. Ud pesen bus dan pesawat. Last minute ga ada kabar. Sampe terminal baru tau bus penuh. Tanggung jawab cuma refund 1-7 hari pula. Reschedule buat besoknya, kata bus penuh. Tp red bus tersedia. Ngerii Good bye Red bus. Cukup kali ini aja. Kapok!",Negatif
135,soeryo soembogo,"appl gx berguna, mau cari bis akap aja gak bisa.. masak bus traayek pekanbaru ke jawa sampai gak muncul diappl nya...",Negatif
136,Angga Prasetyo,Jadwal bus sering tidak update. Di aplikasi tersedia tapi tidak bisa di pesan. Ternyata pas di crosscek di agent sudah penuh.,Negatif
137,Roro Jongrang,Mahal tiketnya!,Negatif
138,Daniel Santoso,"Pemesanan Bus jadi mudah, cepat dan ada diskon juga",Positif
139,Kevin Onesiforus,"Woy apk gajelas , gw udah bayar via indomaret ini tp kenapa ga bisa di konfirmasi sampai batas waktu kadaluarsa sehingga gagal? Duit saya kemana ini anjinggg !!",Negatif
140,Andika guritno,"Gampang bgt penggunaannya, banyak diskon juga sukses, add kode refferal saya ya : redzolbq terima kasih",Positif
141,Suprapto Suprapto,"App Redbus tolong di perbaiki lagi koordinasi lah dengan agen po bus nya,,,, tentang jadwal jam keberangkatan tolong di sesuaikan lagi di online nya. Jangan membuat pengguna kecewa,,,,salam hormat ",Negatif
142,Aryo Pagak,"Maaf tak kurangin bintangnya karena sekarang susah banget untuk pesan tiket lagi sih... Kalo sudah pilih pembayaran selalu balik ke halaman awal terus.... Tolong di perbaiki,padahal saya sudah lama pake aplikasi ini tapi sekarang eror terus...",Negatif
143,VL Irwan Maspul,Sangat membantu perjalanan saya,Positif
144,dwiky febrianto10,"booking tiket bus udah di bayar tapi tidak dapat tiket, dan kata aplikasi belum ada pembayaran, padahal sudah di transfer",Negatif
145,Fadillah Faharuddin,Memberi kemudahan untuk membeli tiket Bus tanpa harus ke terminal atau agen tiket,Positif
146,anjar setiyo budi,"Waktu yg di berikan dari red bus sangat menyimpang dengan waktu keberangkatan bis, jadi penumpang nunggu bis datang sampai berjam jam (lamaa sekali)",Negatif
147,Abdul Azis W,"Bis Nggak Nyaman karena Petugas bis membolehkan merokok di dalam bis dan Bahkan Petugasnya lalu Bis tidak sesuai Tepat waktu, alamat pemberhentian yang diberikan tidak sesuai.",Negatif
148,Bang Yulian,UI nya jelek,Negatif
149,aisyah official,Sangat membantu mengetahui kesediaan bangku atau armada yang tersedia,Positif
150,Husein Alhamid,Kerenn... Sangat membantu perjalanan saya!,Positif
151,eka dona purnomo,"Tiket lebih murah, dan bisa dipesen dimana saja dan kapan saja",Positif
152,F3 / 27 / SYAHRI ZULKIFLI,Keren app nya,Positif
153,wirdan sahrul afif,Gak lengkap bis nya buat jalur selatan jalur pantura malah banyak pilihan,Negatif
154,Zafran Kurniawan,Luamayan membantu...klo bisa adain sampe lebak bulus atau pondok pinang dong ..atau BSD...,Positif
155,Taslim Ajja,Sangat membantu sekali,Positif
156,Ilham Prayoga,Parah eror nya di apk masih ada bus eh sehabis tf kok siangnya dikabarin ga ada tiket kosong ...katanya dicancel dikirim link secepatnya ini hampir sehari kgag dikirim,Negatif
157,Wahyu Adinugroho,Semoga makin lancar dan perbaiki kekurangannya,Positif
158,Ilham Saputra18,"Bis telat sampai 3jam,tapi tidak ada pemberitahuan dari pihak agen,dengan alasan tidak bisa menghubungi nomor saya,padahal Nomor saya selalu aktif dan nomor agen tidak ada di aplikasi.sungguh kecewa",Negatif
159,Setiawan Addison,Sinar jaya blacklist aja taekkk lama banget nunggunya,Negatif
160,Riant Nia,"Niat gak si bikin aplikasi, kode OTP gak dikirim² gak ada sms masuk",Negatif
161,Kurnia Kurnia,"Kita dikasih dompet tapi tetap aja maksimal digunakan 5%. Hampir gak pernah diskon, jadinya jatuhnya lebih mahal daripada beli langsung di agen.. Tinggal nunggu end nya nih aplikasi..",Negatif
162,Ali Akbar 8,Pihak redbus lamban dan tidak bertanggung jawab atas komplen pengguna yg kursi bus di ganti sepihak oleh agen bus,Negatif
163,Priyo Adi,Rute yg saya cari ngga tersedia Padahal di aplikasi lain tersedia!! Payah....,Negatif
164,Kurni Yati,Aplikasi nya bagus kk soal nya bisa cari tiket bus dengan mudah dan praktis,Positif
165,Alamsyah,Pemesanan ticket cukup mudah,Positif
166,ahima septia,Salah klik jam berangkat malah ditinggal busnya ga bisa di ubah,Negatif
167,yogi al ardi,Jangan deh pake apps ini udah mahal kebagian mobil gk jelas estimasi gk tepat waktu menu saran dan komplain gak ada gimna mau maju,Negatif
168,Nanda Arya Putra,Pembayaran Tiket Diterima Namun TIDAK MENDAPATKAN KURSI DAN BILANG MAU DIKEMBALIKAN DALAM 5-7 HARI NYATANYA UUANG SAYA BELUM KEMBALI SEMUANYA...GIMANA INI!!!,Negatif
169,Zahra Undzira,"Klo bisa ga ngasih bintang, udah ga tak kasih bintang 1pun. Pelayanannya sangat sangat buruk, pesen bus damri melalui aplikasi ini malah ternyata aplikasi bodong, redbus ga tau dimana titik naik bus. Di hubungi hanya akan konfirm setiap 2 jam tapi di tunggu sampai 8 jam ga ada kejelasan, sekalinya ada malah di tipu  disuruh nunggu di terminal malah gg ada busnya dateng. Dasar kurang ajar banged ini aplikasi. Uang tidak bisa di refund pula. Kurang jahat gimana ni aplikasi... Highly unrecommend.",Negatif
170,Berani Bertindak,"Muahalllll, enak langsung nyari di loket",Negatif
171,Miftah Farid ma'ahid,Bagus. Cepat prosesnya,Positif
172,Qindy Havest,"Eror mulu ni aplikasi mau pake voucher udh mau di transfer, ehh voucher eror/kadaluarsa, kalo udh ga berlaku hapus lah promo nya!!, udh gitu delay mulu kursi yg kosong, padahal gagal transaksi.. B2 dulu lah, kalo udh nyaman, cepat, dan tepat baru B5",Negatif
173,Egga Kecil,Udah pindah2 lokasi tempat asal dan tujuan ttep aja gada mobil tersedia PAYAH,Negatif
174,Sopian alwi,App gak guna call center gak bisa di pakai,Negatif
175,Studio Ruang Hati Interior Design,"Aplikasi gak jelas, verifikasi nomor aja setengah mati, pakai kode juga sulit. Maunya apa sih? Kalah sama traveloka, dll",Negatif
176,23 Rafael Radit,"Sangat memuaskan,tapi next time tambah in PO busnya lagi biar banyak pilihan",Positif
177,Muh. Fiqri Abdi Rabbi,"Sangat buruk, lokasi titik keberangkatan Jakarta diset diaplikasi nya diarahkan ke Karawang mohon dituliskan lengkap lokasi titik keberangkatan di Aplikasi karena tidak semua nya mengetahui lokasi yang dimaksud lengkapnya ada di daerah mana",Negatif
178,i Kocheng,slow respon dan mesan tiket udah di bayar malah di diemin ampe pembayaran batal automatis. Cs nya gk jelas no hp gk bisa di hubungi fix,Negatif
179,fadhli adi,"Aplikasi online yang sangat baik, rekomendasi utk beli di sini. Untuk komplain di feedback dengan baik,tolong di evaluasi komplain KK ipar saya yg mesen bus tanggal 25 Juni 2022 perjalanan dari terminal Bekasi ke padang.",Positif
180,puji laksano,"Harga tiketnya mahalnya kelewat, nyari untungnya kelewatan bngt kmrin saya beli tiket harapan jaya Executiv jurusan tulungagung - kalideres 387 ribu padahal klu beli di kantor harapan jaya langsung cuma 345 ribu. Sangat mengecewakan bngt",Negatif
181,Agung Setyatama,"Kenapa saya mau daftar, selalu gagal mendapatkan kode otp?",Negatif
182,Maulana Pratama,Maaf saya cuma kasih 1 bintang saya liat dari komentarnya yang terbaru . Jadi ragu dan maaf saya uninstal ,Negatif
183,Gunawan Indra Jaya,"Aplikasi sampah, server ga diurus apa gimana? Mau book tiket bus malah error terus gilak niat ga sih bikin aplikasi",Negatif
184,Yt Kudashi,"Jangan pesan tiket disini, admin tidak ramah. Dan tidak membantu sama sekali.",Negatif
185,Yosy Yulistyobudi,"Pemesanan pertama bagus, mudah dan cepat, kenapa pemesanan kedua erorr melulu saat mau melakukan pembayaran, jadi agak Ndak nyaman saya mau lanjut menggunakan app ini",Negatif
186,tanto trans,Aplikasi ngebug terus,Negatif
187,dicky Ramdan,"Sangat kecewa, di aplikasi redBus katanya bisnis, tetapi yang saya dapatkan adalah kelas bisnis ekonomi, si bis nya keluar masuk ke tiap terminal di jakarta dan membuat waktu perjalanan saya dari bandung ke sumatra Selatan semakin lama, dan yang lebih parah nya, harga nya jauh dengan kalau kita ke pool bis nya bisa 30% perbedaan nya, ga usah download aplikasi ini..",Negatif
188,Fattar Ibrahim,"Tiket gagal booking udah transfer refund ga balik balik sampe skrg alesannya ga jelas,,, parah",Negatif
189,Dhanie Dewangga Taef,"Informasi kurang jelas, no telfon tidak sesuai, agen tidak ramah dan tidak informatif, selabihnya kru bus bagus",Negatif
190,cv alfarezi,"Terbantu sekali,dgan aplikasi ini.",Positif
191,Umay Umay,"Sampah, udah pesen, bayar saldo sudah kepotong, tapi status belum bayar, mau complain ga ada cs nya hanya ngobroo dengan robot",Negatif
192,Mr Tamboen,"Recomended, fast respond saat ada gagal akses. Refund cepat.",Positif
193,Muhardinal hardy,Pelayanan kurang bagus,Negatif
194,jajang rohmat hidayat,Banyak eror nya udah di pesen tapi mlh ga bisa.terus jadwalnya jdi ga ada..,Negatif
195,berry. NET,Baru download sekaligus pesan tiket. Semua tanggal kosong gak ada yang bisa di pesen tiketnya. Mohon di perjelas!,Negatif
196,Muhammad Sadad,"Uang saya belum berhasil di refund, padahal saat pembelian tiket bis keterangan dan pilihan bis nya ada, tapi setelah di pesan tiba tiba bis yg di pesan sudah tidak ada dan uang nya sudah di transfer. Tolong kerja sama nya, sampai sekarang uang nya belum kembali. Udah sampai 10 hari.",Negatif
197,nji kun,transaksi sering gagal,Negatif
198,aditya indra,Kecewa uang refund saya dr tgl 31 Mei sampai krng blm d transfer balik k rekening saya,Negatif
199,Dwi Angga Nur Ikhsan,Gak Lengkap armada bus nya. Apalagi route Jakarta ke Pagar Alam belum ada. Tolong dilengkapi dong untuk unit armada bus nya.,Negatif
200,Pandu Nasuun,Kau hapus ajalah applikasimu ini .. Gak guna sama sekali .. Bus sumatera gak ada sama sekali ,Negatif
201,Tommy Abdul Gofar,"Saya pengguna baru platform aplikasi RedBus. Untuk respon customer carenya sudah sangat baik dan responsif ketika menerima masukan. Saran untuk kedepannya diperbaiki kembali, terkait titik lokasi penjemputan, agar sesuai. Terutama bagi orang-orang yang melakukan perjalan wisatawan domestik / keperluan kantor lainnya. Sukses selalu untuk ReBus",Positif
202,muzakifuz,"PO Bus minta uang tambahan diluar harga Redbus. Setelah saya bayar, tiket malah dibatalkan sepihak oleh PO Bus. Minta refund nggak direspon, dan yg di kembalikan oleh PO Bus hanya uang tambahan yg diluar harga Redbus. Im so sorry I have to say this here. Saya akan hapus setelah ada respon dari pihak redbus. [EDIT] tiket sudah di refund, keep it up redbus. masih banyak yg perlu diperbaiki.",Positif
203,Sebastian Raven,"Kadang errorrr kadang bener, delet aja ah",Negatif
204,AL faizi,Redbus mantap..Berangkat dengan selamat dari Mataram Lombok tujuan terminal Kalideres,Positif
205,Eko Kusdianto,"Saya pesan tiket Dari Agen teriminal kalideres,ternyata suruh cetak tiket nya di terminal Poris,udah waktu nya mepet kesana kesini ribet. Harus adu mulut dulu baru mau di cetak tiket nya di kalideres. Tolong di perbaiki lagi,jgn seprti kejadian itu lagi.nanti yg ada pelanggan nya pada pindah aplikasi.",Negatif
206,Indrawahyu Kusuma,"Gajelas banget aplikasi ini udah beli tiket titik jemputan udah pas, terus ga dijemput sama pihak busnya mau ngajuin pengembalian dana ga bisa, malahh katanya bus sudah menunggu di titik jemputan tapi anda tidak datang ihhh gajelasss",Negatif
207,Irone Kurniawan,Sangat membantu sippp lah buat redbus goodjob ,Positif
208,Lian Putranto,"Dapat kursi tidak sesuai pemesanan, nomor cs nya juga tidak ada",Negatif
209,Rizky Ponco,Aplikasi penipuan. Sudah transfer uang tapi tiket tidak terkirim dengan alasan agen kami sedang sibuk semuanya.. sampah!!!!,Negatif
210,Sholihin arien,Alhamdulillah... Boleh membantu dari lambat jadi cepat.. Sebab praktis.,Positif
211,Charis Muhammad,"Pembayaran cepat, bisa milih kursi, rating bus tersedia. Kekurangannya cuma banya typo pada menu but okay lah",Positif
212,Bilal Muttaqin,"Parah.. Banyak errornya.. Tiket terusan ngga bisa digunakan.. Di aplikasi tdk ada layanan kritik, saran & keluhan. Nyari kontak cs nya jadi sulit. Solusi dr cs nya ngga membantu, jadi rugi deh ngga bisa kepake tiket terusannya..",Negatif
213,EVA DEWI NURLATIFAH,"aplikasi yang sangat membantu dalam memesan travel, sehingga lebih memudahkan perjalanan",Positif
214,Rizky Saputra,Saya beli tiket bis udah bayar tapi tiket tidak ada terus saya mengajukan pengembalian dana sampe sekarang dana tidak di kirim dari tanggal 19 april sampe sekarang tolong lh di perbaiki sangat merugikan banget,Negatif
215,Faozi Akh,Kepercayaan aku dalam ber transportasi simple cara bookingnya. Tolong banyakin diskonnya ya,Positif
216,Rahul Reihan,"Mantappp, murahh terjangkau dan dapet promo",Positif
217,Mohammad Athoillah,"Aplikasi sampah, cs nya ga mau tanggung jawab, cuma penumpang yang di rugikan, telfon bolak balik respon sama. Ga usah pake aplikasi gini lagi deh",Negatif
218,Riprado Prabowo,"Uang saya hilang 518 tb, tiket tidak berhasil dipesan tapi uang sudah masuk, tidak ada solusi",Negatif
219,Anugerah Dewa,Aplikasi jelek jgn di download tdk banyak pilihan busnya...,Negatif
220,Bambang Sugiyanto,"Jadi mudah, juga tenang berangkat dari rumah karena sudah ada tiket ....membantu banget kalau mau bepergian/pulkam....",Positif
221,Ebtian Apriantoro,Mantap dan mudah,Positif
222,Moch Saiful Anwar N.P,Entah saya yang gk tau sistem pengembalian uangnya atai emang gimana. Saya sedikit kecewa aja ada program pengembalian uang tapi belum kembali. Padahal sudah lewat dari ketentuan 5 hari setelah pemberangkatan. Mungkin saya juga kapok pesan tiket online.,Negatif
223,Diana Ginting,Aplikasi sampahhh masak loding muluuu tiap mau cari titik terminal,Negatif
224,Deni Prawira,"Udah pesen di redbus,pas mau berangkat disuruh nambah 90.000 lagi di loket po bis dg alasan ada kenaikan tarif",Negatif
225,Uki Alemseee,"Aplikasi jelek, gk update busnya. Klo diklik mau booking selalu hilang.",Negatif
226,kristi yopa Febianti,Aplikasi yang membantu Nomor Hotline fast respon Hanya saja keberangkatan terlambat 4 jam Lebih ditingkatkan lagi pelayanannya ya hingga terjangkau agen per wilayah untuk bisa update keberadaan bus nya. Terima Kasih,Positif
227,Hengki Kursani,"Pelayanan jelek, tidak jelas,seenak nya aja batalin tiket, dan tidak ada kejelasan nya",Negatif
228,Rio Pradana satriawan,"Aplikasi bagus, memudahkan untuk pemasanan & pembayaran.",Positif
229,Sentot Darmawan,Aplikasi yg praktis dan terpercaya,Positif
230,Andreas Duwi Arianto,"Pemesanan simple, opsi pembayaran mudah. Jadwal bus selalu update.",Positif
231,hehey_ notbad,"Ga jelas, di apk ada tertera busnya, pas di pencet mau pesen tiket malah error mulu, trus kenapa di kasi liat busnya ad",Negatif
232,Eriyo Budi Susetyo,Aplikasi redBus sangat membantu,Positif
233,KLETONG Sapi,"aplikasi sampah, pelayanan busuk, cukup sekali aja pakek, untuk temen temen lainya saya sangat tidak merekomendasikan aplikasi ini",Negatif
234,Muhammad Yusuf Zaky,Aplikasi sering eror. Sudah transfer tapi tiket tidak terbit. Nyesel.,Negatif
235,Wahyu Utomo,Sangat bagus sangat membantu,Positif
236,Adit Kusuma,Disarankan agar tdk pesan tiket melalui aplikasi ini. Karena tdk bs dibatalkan dan uang hilang tdk bs kembali. Sungguh mengecewakan.... Cukup tau aj.,Negatif
237,syahril gaffar,Aplikasi Mengecewakan sda bayar tiket bus jurusan Surabaya ke Cirebon. Nggak bisa di jadwal ulang dan pengembalian dana. Padahal jadwal keberangkatan bus masih 26 jam lagi ,Negatif
238,Trisno Bachir,"Aplikasi ngga ada tanggung jawabnya, pesan tiket online sengaja biar bisa nyaman malah bikin sakit hati.berdosa kalian yg udh ambil uang kita. Aplikasi ngga ada kejelasan. Najis banget pesen di sini lagi",Negatif
239,Kurnia Putra,"Sangat mengecewakan, penipuan sudah beli tiket dan sudah konfrimasi titik penjemputan, tapi tidak dijemput, dari pihak apliksi tidak ada konfrimasi begitu juga daru pihak travel, dan tidak ada yang jelas masalah refund...sudah tidak jadi berangkat dan refund pengembalian tidak jelas..diaplikasi yg bales robot. Sangat sangat mengecewakan.",Negatif
240,Muhamad Fahrozi,"Saya sangat kecewa karena tiket saya di undur bahkan sampai di po saya tidak mendapatkan tiket, dari kemarin minggu sampai sekarang uang saya belom juga kembali.",Negatif
241,Hasianda Apriman,Jelek parah... Gak ada yang jelas sama sekali tiket nya,Negatif
242,lychee channel,"Proses cepat, jaminan kursi dan yg pasti respon serta pelayanan CS nya bagus  yang ngulas Negatif, mungkin anda baru belajar pake apk tuk order online",Positif
243,Apri 20,"Informasi ga update, di aplikasi ga ada tiket tapi di loket ada kok, trus gunanya apa aplikasi ini",Negatif
244,Asu Koe,"Kacau, koordinasi antar agen Bus + pihak redbus ga jelas... Mohon di perbaiki, kasian penumpang... Terdampar di terminal kaya org ga jelas... Karcis doank dapet, no. Bus ga ada..",Negatif
245,Tulus Shobirin,"Aplikasi yg sangat membantu saya ,, dua hari langsung bisa dapat bus,, pelayanan memuaskan untuk PO harapan jaya ",Positif
246,Wiguna Hidayat,Saya gagal berangkat naik bus.. Tapi dana saya bisa kembali 100%,Positif
247,Agus Purnomo,"Cepat, mudah, hemat",Positif
248,Satyaprimaarif,"Mengecewakan! Miss booking tiket, tapi akses buat komplain susah, bis udah mau berangkat tiket asli belum di tangan, suruh nunggu feedback yg gak ada kepastian.",Negatif
249,Ananda Kukuh,pelayanan redbus sangat buruk..operator bus menjual tiket namun tidak menyediakan bus sesual jadwal alasan macet dan ditunda sampai hari esok malah penumpang yg jadi korban tidak bisa refound. kalau bgitu pemaksaan harus naik po bus sinar jaya berarti. konfirmasinya pun lama. red bus dan sinar jaya sangat mengecewakan. pertama naik sinar jaya pelayananya sangat buruk. dan redbus juga sama sama mengecewakan. pelayanan redbus sangat burukkkkkkkk,Negatif
250,Perjalanan Hidup,"Bagus.., mudah aplikasinya",Positif
251,Binsar Soit,"Aplikasi sampah, masa saya ingin cancel tiket karena salah tujuan, tidak diberikan, setidaknya uang saya kembali setengah dari harga tiket. Saya gak suka aplikasi ini",Negatif
252,arif febryanda,"Naik sinar jaya ke wonosobo, bus nya tepat waktu baik jam keberangkatan+tiba. Perbanyak kerjasama dengan PO2 bus ternama lainnya",Positif
253,Imran Maulana,LOKASI DATANG BUS GAK SESUAI (TELAT 3 JAM) ARMADA YANG DI PAKAI DALAM KONDISI TIDAK BAGUS (MOGOK²AN BAN BOCOR) TOLONG DONG DI CEK SECARA RUTIN KONDISI ARMADA NYA. YANG GAK LAYAK GAK USAH DI PAKE LAGI,Negatif
254,Yanuar Dwi Prabowo,Diaplikasi tujuan karawang barat setelah dicetak ganti jadi cikampek. .tolong diperbaiki lgi,Negatif
255,Ariani Citra,"Bis selalu ga tepat waktu, selalu nunggu 1-berjam jam.",Negatif
256,indah permata sari,"Apk ga jelas, sudah pesan tiket sudah bayar tiket sudah keluar, eh tiba² di telfon dibilang tiket sudah habis, jelas² waktu pesan masih sisa 3 kursi lagi, uninstall apk kapok dah",Negatif
257,Rafiqi Syauqy,"Sangat bermanfaat, debes lahh..",Positif
258,Yunita Alexandr,Sukakkk... Mempermudah mendapatkan tiket sesuai rute ..harga yg terbaik ... ,Positif
259,Luthfil Hakim,"Sudah bayar langsung lewat online, tp dinyatakan blm bayar, Untung ada bukti pembayaran Tiket pulangnya juga gagal dicancel & direfund",Negatif
260,sandi agung,"Langsung APUS ribet, Ketik tanggal berapapun tdak ad jadwal",Negatif
261,Yusuf M,"Harga di aplikasi tidak sama dengan harga agen waktu keberangkatan, saya sudah transfer sesuai nominal yang tertera di aplikasi, pas di agen disuruh nambah kekurangan beaya lagi. Bagaimana ini Redbus?????????????",Negatif
262,Wachid Muhkarim,Sementara 5 ya selanjutnya kalau lancar kasih 6,Positif
263,Preety Noona,Jangan beli tiket disini. Saya merugi tidak ada kejelasan tiket saya sudah dilunasi ternyata pihak po dan pihak redbus tidak sincron. Pihak po menyatakan sudah terjual habis dan pihak redbus akan di reschedule ulang tapi tidak ada kejelasan nya. Saya gagal berangkat entah kapan berangkat untuk refund pun saya tidak tau bisa apa tidak,Negatif
264,astri indah,Pelayanan tidak baik,Negatif
265,Heri Yanto kurniawan,Tidak sesuia titik keberangkatan pantes lama nunggu mobil dari terminal mna tau Harga ga msalah bos yg penting sekejoul nya titik keberangkatan tepat,Negatif
266,Muhammad Rizky,"Aplikasi sampah,jam keberangkatan tidak sesuai dengan keberangkatan asli,banyak merugikan orang,mana tidak bisa di refund",Negatif
267,ate tea,Jangan pakai aplikasi ini. Lokasi titik keberangkatan ngaco. Kami malah diarahkan ke lokasi pabrik dan tidak bisa kami telpon untuk konfirmasi.,Negatif
268,Agnes Juwanita Kusuma Wardani,Tidak sesuai jam keberangkatan. Disitu tertulis 11.25 tp bus terakhir jam 07.00 dan g da solusi untuk keberangkatan hanya dikembalikan uangnya saja,Negatif
269,Sri Rejeki,Terimakasih utk respon pengembalian dana yg super cepat ... 100% dana kembali,Positif
270,Ridwan Abdulah,"Aplikasi ini perlu dilaporkan, keberangkatan tdk ssuai jadwal, malah saya telpon, malah saya yg dimarahi agen. Agen anjingggg",Negatif
271,bonsai amatir,gak sesuai dengan tiket. katanya bus berangkat jam satu tapi sampai jam 3 g ada keberangkatan. Sungguh mengecewakan,Negatif
272,AGUS GHOZALI,Terimakasihh sudah merspn trubel dan masah dengan sangatcepat... Responnya cepet. Smoga sll jadi yang terbaik,Positif
273,hardian imansyah,"Pelayanan aplikasi buruk, tidak ada pelayanan refund secara otomatis terkait pembatalan tiket. Calon penumpang disuruh membeli jaminan refund secara terpisah. Mana ada orang yang ingin uangnya hangus jika ada pembatalan.",Negatif
274,kirman ahm,Kok gak bisa daftar,Negatif
275,Yudi,"Di oper2 naik bus nya, agen tiket lebih memprioritaskan yg beli langsung d loket, g jelas bus yg mau d naikin, emang lbh baik beli langsung ke loket kyk nya",Negatif
276,ecko setiawan sinaga,Mau menghubungi operator tapi gak ada nomer yang bisa di hubungi .. mau reschedule tiket tapi gak ada nomer yang bisa dihubungi. Maksudnya gimana coba,Negatif
277,Diyyah Eka Wati,Cocok bagus tanpa perlu ke agen2 lage,Positif
278,19.Moslem Steady,Aplikasi ga jelas tiket tiba tiba di cancel saat udah samapi di venue dan pas banget waktunya berangkat. Ga ada customer servis yang menanggapi dengan cepat sehingga membuat kami sangat kesulitan. Mohon di perbaiki segera agar tidak mengulangi kejadian yang tidak profesional ini,Negatif
279,Ahmad Maulana,"Perjalanan jd lebih mudah dgn pembelian online lewat Redbus,mksh Redbus",Positif
280,zae Jee,mengecewakan jangan pernah pakai aplikasi ini tidak ada tanggung jawab kepada customer tidak ada bus tapi tiket tetap di jual,Negatif
281,Didik Ismail,sayaa kasih bintang 1 !!saya kecewa dengan pelayanan redbus saya udah pesen tiket.tapi sesampainya di agen ternyata tidak ada keberangkatan bus.dan tolong di kembalikan uang saya karena saya udah bayar cash ke redbus!!!,Negatif
282,Abdoel Mookri,Pemasangan pertama berjalan dengan baik.semoga yg kdua ini sama atau lebih baik,Positif
283,Zainul Hasan,"Wah cukup membantu dan manfaat, semoga layananx smakin berkah, baru pakai, saran kak, kalau bisa tolong disediakan fitur pengembalian Uang, karena terkadang para pekerja Bus nya ada yg kurang profesional  dan amanah, biar kita pesan dengan tenang, ada jaminan buat uang kembali, kalau pelayanannya salah. Ok  tolong buat pelanggan puas, dan bekerjalah dg Amanah...",Positif
284,Ferry Rafa,Semakin mudah pesan tiket bus,Positif
285,Fatahilah Gobah Diaz,Terimakasih atas pelayanannya,Positif
286,Febry Depok,"2 Minggu udah beli tiket, pas hari h gak ada tiket ya di bus, ini serius gak kalo usaha",Negatif
287,Venita Hartanti,"Sudah di bayar ,tp gak ada kejelasan tiket gak dapet , malah ada pemberitahuan kadaluarsa",Negatif
288,Gatsu 99,Sangat mengecewakan jangan pesen oline mending beli langsung aja lebih di utamakan,Negatif
289,koke,"Aplikasi cacat, gak bisa refund",Negatif
290,antonim wildan,Parah.... Perlu di perbaiki aplikasi ini.... Langsung uninstall aja,Negatif
291,Rifki Firnando_TPPU 1,"Aplikasi sangat buruk, saya pesan tiket dari jauh -jauh hari, pembayaran udah dikonfirmasi, saat saya check in di loket, nomor tiket saya tidak terdaftar, sangat buruk, mohon pertanggungjawaban!",Negatif
292,Anton Antoni,Kurang lengkap perusahaan bus nya.,Negatif
293,Jiko Pranata,"dasar aplikasi gajelas , saya sudah pesan tiket sudah transfer jugaa ke pihak armada , malahh gabisaa dan ga dapet armada nya saya sangat , tolong untuk pihak aplikasi kembalikan uang saya sebesar 400ribu , kalo tidak saya sumpahin laknat perusahaan anda",Negatif
294,Mbah Gaul,Sya lihat di komentar kok banyak feed Negatif. Mungkin belum merata tergantung menggunakan bus PO mana y. Soalnya selama sya pakai. Dah berkali-kali si. 1. Bus tepat waktu (jarang sekali molor). 2. Harga bisa lebih murah dg voucher yg dikasih. Sya makenya bus PO. Nusantara,Positif
295,Rezy Marsellina,"Kecewa dengan pelayanan redbus. Kursi yg tertera di redbus tdk real-time. Banyak bookingan, Dan kursi yg ditawarkan kursi cadangan yg TDK sesuai dengan level bus yg dipesan. Saya pikir pesan tiket bus di redbus sama persis dengan pesan tiket pesawat yg fasilitas kursi dari nomor 1 s.d sekian itu sama, Di redbus,kursi no. 1 tdk sama fasilitasnya dengan kursi no.terakhir di bus. Dan pelayanan dari pihak bus utk yg pesan tiket di redbus sangat buruk. Kapok.",Negatif
296,Rio Hendarta,"Tempat duduk di bis tidak sesuai aplikasi, jam keberangkatan berbeda.",Negatif
297,Kuat Alifa,"Aplikasi sampah.. keterangan di aplikasi berangkat dari pondok ungu, setelah cetak kode ternyata berangkat dari terminal bekasi, waktu udah mepet, dari pondok ungu pergi lagi ke terminal bekasi, ongkos lagi, nyusahin, hampir ketinggalan bus, awal pake aplikasi ini cuma mau coba, apa benar pelayanannya jelek, setelah coba sendiri ternyata memang benar, bintang 1 kalian itu membuktikan kalau aplikasi ini hancur...",Negatif
298,Nanih Haniyati,"Aplikasi nya ga rekomen, harganya lebih mahal tapi untuk booking kursi dan keberangkatan diubah tanpa konfirmasi, Bad lah. Jangan pake aplikasi ini ya.",Negatif
299,Taufik Muhammad,Harganya jadi mahal berkali kali dari asli nya,Negatif
300,Raihan MHeris,"Sejauh ini belum pernh ada refund atau error, great",Positif
301,Raka Kristian,"Hari ini pesan tiket gagal tapi uang sudah transfer dan saya minta untuk refund uang saya. Ternyata proses cepat hanya menunggu 1 jam saja, mantap redBus jadi nyaman buat pesen tiket di apk ini pelayanan CS nya responsif dan memuaskan.",Positif
302,Alfaz Auliya Ramadani,"Menyenangkan bisa pesan lewat online, cuman di tiket setelah pembayaran harusny juga di beri denah tempat duduk si hanya sebelum pembayaran, jd bisa ngecheck lg kalau misal lupa dudukny bagian dekat jendela, sukses terus pokoknya, selamat mendapatkan bintang 3 dengan penilaian objektif , melihat penilaian sebelum-sebelumnya yang berkomentar Negatif lucu sih bacany, intinya kembali lagi pada implementasi bis di lapangan yang bisa jd ada kendala (perjalanan dijalan, macet dll)",Positif
303,Tedriwabian,"Aplikasi sampah udah pesen bis dari beberapa hari malah gak dapat tiket dan agen bisnya sudah tidak bekerjasama dengan redbus aneh nya lagi saya ada bukti transaksi pembayaran dan mendapatkan e-tiket dari redbus untuk bis muji jaya tetapi tidak terbaca oleh system'. Orang nyari duit buat lebaran susah malah ditipu sama aplikasi kayak gini. Tolong yang lain percaya sama saya jangan download aplikasi ini. Janjinya ada refun tapi gak bisa balik duitnya hilang 4 juta buat mudik gara"" aplikasi ini",Negatif
304,Khofifa Nadila,Buruk.. berangkat jam 8 masih belum bisa di klaim tiket bisnya. Anjir emng mana nyampe sekarang belum dapet tiket,Negatif
305,Egi Regiana,Saya mau komplen pembayaran sudah berhasil tapi tiket engga bisa di claim di pool terkait.. dan tidak bisa berangkat.. saya minta uang kembali,Negatif
306,Adit Aprilia,Saya mau komplain harus kemana..? Dari redbuz hanya dikirim nomer tlpon supir dan tidak ada nama supir serta nopol bus nya.. Mana mau lebaran ditipu duit banyak.. Mengecewakan. Jangan pernah pesan dari apk ini,Negatif
307,Muhamad Akbar Supriyadi,"Aplikasi konyol, jelek, ane oesen tiket ngga sesuai harga dan ngga bisa di refund. Saran, ngga usah pake redbus",Negatif
308,iskandar harahap,Sangat gampang utk pesan tiket,Positif
309,GiTsi HaHa,Mudah & cepat,Positif
310,lika imut,"Buruk pelayanan kendaraan nya buruk,di tiket jam 3,tp ternyata berangkat jam 12,dan itu pun tidak sesuai titik yang di aplikasi,bangku pesen nomor 8 maen ganti aja di nomer 6,dari pihak bis pun tidak melayani cust,pembeli di bilang bodoh kenapa beli di aplikasi,saya benar"" kecewa outo uninstall lagi aplikasi nya",Negatif
311,Adit Nugis,"Awal nya udah mau install redbus,kirain kek aplikasi Travel lain,liat komenan banyak yg di rugikan dan kcewa ternyata bukan apk Layanan transportasi, ternyata apk penipuan",Negatif
312,Bontang Bontang,Sangat sangat kecewa. Kirain ada jalur lintas Sumatra,Negatif
313,Eko Sulistianto,Mau cancel tiket nya tidak bisa,Negatif
314,MrRiskyAP,Setelah install ternyata kurang bagus.. susah/tidak di temukan call center.,Negatif
315,AM yusup,"nyesel download, pesen di redbus dari terminal bumiayu ke jakarta, katanya gak ada yg berangkat dari terminal bumiayu, giliran datang langsung banyak",Negatif
316,Danni Hyun,"Kemarin pesen tiket, padahal udah bayar tapi tiketnya habis, agak panik 660k hampir melayang :"") Tapi untung cara komplainnya cepet dan mudah. Semoga lebih ditingkatkan lagi Yaa, makasih redbus",Positif
317,Ego Centrik,Baru pakai mudik tahun ini...gampang...keren...sangat memudahkan. Semoga besok pas jadwalnya aman,Positif
318,achmad ridwan,Aplikasi mudah gampang praktis,Positif
319,Mas Bow,"Sering mengecewakan, Tidak pernah sesuai yg di inginkan Kadang beli executive di kasihnya patas,",Negatif
320,Achmad Turmidzi,Moga lancar tanpa kendala bismillah,Positif
321,Rizal Ade,"Aplikasi gak bener,,. Beli tiket 2 kali gagal.. dikembalikan cuma sekali, yang satunya mau di komplain lagi tapi no yg tertera di cs redbus langsung blokir panggilan saya... Parah",Negatif
322,Abdurohim Chaniago,Mantap sekali klo redbus . Bisa kasih bus yg di ingin kan dan juga jaminan,Positif
323,Muhammad Irawan,"Diskon yang diberikan semakin lama semakin jarang kalau ada pun sedikit, padahal dulu enak, banyakkan diskon, terjangkau. Maaf sudah saatnya harus uninstall dan pindah sebelah karena promonya banyak(hampir per bulan) dan ada grup sosmednya.",Negatif
324,Farizi vlogs,"Sudah pesan tiket 360x2 jauh"" hari untuk tanggal 1.5.22 dngn tiket sudah di konfirm sduah ada tiketnya .3 minggu kemudia ada info by wa ada penyesuaian tiket lebaran dan harus membayara sisanya 360x2 kalo gak tiket akan di censel ini gmn? Tidak ada solusi",Negatif
325,Telukjambe barat Channel,"iklan aja di tv, di sosmed,, tpi ga jelas",Negatif
326,Rahma Inayah,Masa daftar nama bus ny cm ada 2. Nm bis yg dcari juga gak ada,Negatif
327,Harum Johan black,"Nyesel didownload,buang"",kuota,ga ad manfaat ya,,ga ad jadwal bus",Negatif
328,player nob,saran saja : alangkah baik nya jika ada fitur paylater nya. jadi pas mau pulang kampung atau mau jalan2. bisa berangkat duluan bayar bulan depan. #naikbuspakairedbuzz #paylater #berangkatduluanbayarbulandepan,Positif
329,Queensyla Zara,Najis parah banget ini aplikasi penipuan..masa w beli tiket tgl 4 april untuk pulkam tgl 26 udhbtrkonfirmasi..masa tiba2 tgl 15 april ada notif tiket dibatalkan tnpa ada alesan yg jelas..kalau gak niat buka aplkasi tutup aje nih aplkasi,Negatif
330,muhammad prisma,"Sudah bagus, tinggal ada kendala sedikit BUG ketika kita ingin re-scheduled",Positif
331,Mito Casmito,"Harga tarif bus di aplikasi ini gila gilaan mahal banget , beda jauh sama harga tarif di terminal/ agen",Negatif
332,mirwan assasie,"Aplikasi ngk ngk bermutu ngk ada tanggung jawabnya, yang namanya SDH di boking dengan harga segitu yg harus diterima, ini malah tiket SDH diboking dr jauh hari masak ia disuruh nambah parah",Negatif
333,Bang Yos,"Beli tiket jauh² hari untuk tempat duduk di depan, malah hari keberangkatan kursi tempat duduk di rubah jadi yg di tengah tanpa konfirmasi dahulu. Jadi males beli tiket di aplikasi ini",Negatif
334,wusta yahuda,Makasih... cs ramah jika ada kendala,Positif
335,Harry Gitaryo,Pesan sinarjaya dari bandarjaya ke demak kok tidak ada aplikasi apaaan,Negatif
336,ARDI DI,"Hati2 untuk semua klo mesan tiket efisien putra mandiri,tiket sdah di pesan bilang nya bis nya datang hari itu,gak tau nya gak datang,uang sudah di transfer,bis nya gak datang, kecewa sama pihak redbus bisa² nya kerja sama dgn orang gak jujur.",Negatif
337,putri utami,"Ga bisa dipakek, bermasalah mulu",Negatif
338,Alma Ziyah,"Aplikasi gk jelas , kaya gini masuk tv,parah juga tv mau aja iklanin sama aja penipuan ini,",Negatif
339,Ierwan Wito,Sangat membantu mudah2an aman,Positif
340,Muslih Muslih,Pemakaian aplikasi redbus yg pertama kali mudah2an lancar,Positif
341,Ristiany Kurniawati,Sangat membantu berburu tiket ,Positif
342,A.P Channel,"Percuma pesen tiket bus di sini masak alamat keberangkatan yg tertera GK sesuai, udh gitu ketika jam keberangkatan kondektur bus dan sopir GK tau apa2 tentang tiket yg di beli dari aplikasi, alhasil tetep harus ke loket buat konfirmasi pembelian tiket nya, ujung2 nya sama aja kayak beli tiket biasa di loket terminal",Negatif
343,sis wanto,"Mau pakai Aplikasi RedBus, komentar pengguna banyak yg KOMPLAIN Negatif",Negatif
344,Mas Tri,"Redbus isthbest, apalagi kalo banyakin promo....lebih mantab",Positif
345,Wasis Yull,"saran aja,pastikan tiap bus terdapat foto bus secara menyeluruh,dimana kita bisa memilah bus yg layak kita naiki kecuali yg dilihat dari rating nya",Positif
346,Epri Ani,"Waduuuuhhh bahaya dong nih aplikasi, isinya pada kecewa semua.... Nggak dulu deh pake ini aplikasi.... Kasih bintang 1 aja dulu yaa, maaf ",Negatif
347,Fadli Pratama,"Udah pesan buat tanggal 28 April dan bayar 245 ribu, tapi tiket gak bisa dicetak dengan alasan harga belum termasuk penyesuaian lebaran, dan harus nambah lagi 295 ribu.",Negatif
348,Ilham Nakir,"Tolong dong ada pelayanan yang jelas, saya udah bayar lewat indomaret udah sukses namun di apk redbus nya pembayaran saya gagal costumer servis nya juga tidak ada penjelasan dan tanggung jawab",Negatif
349,Robi Sanjaya,Bahaya aplikasi ini jauh dari realnya,Negatif
350,Dedi Setiawan,"Mudah digunakan, pilihan payment buanyaakk",Positif
351,Novan Ediswan,"Aplikasi gak jelas, jika timbul masalah aplikasi ini tidak membantu sama sekali, bahkan nanti kalau disuruh menghubungi nomer tertentu juga percuma, saya sudah pesan tiket untuk tanggal 27 April, disuruh penyesuaian tarif lebaran atau refund, nanya kemana juga gak jelas apalagi masalah penyesuaian tarif, mending cari aplikasi yg pasti2 aja kedepan, sumpah rada nyesel cuma berharap uang saya gak sia2",Negatif
352,Adhie Compcell,"Mengecewakan, sudah pesa. Tiket jauh jauh hari, sudah melakukan pembayaran sesuai harga di aplikaasi redbus seharga @350 / tiket X 3 kursi dan di konfirmasi tiket booked. Seminggu kemudian di hubungi pihak armada yg bernama PO. Handoyo, ada kenaikan harga tiket, dan harus nambah @400/tiket X 3. Kalau tidak mau, tiket akan dicancel. Ini sangat konyol, sangat Mengecewakan, tidak konsisten. Mohon diperbaiki lagi.",Negatif
353,Fabri Arios,"Jangan pernah pakai aplikasi ini, gak sinkron, jadi tambah capek kejar2 bis, lokasi jemput/berangkat tidak sesuai, bisa berubah, awas tiket tidak bisa refund, duit hilang, bis kagak ada, menu bantuan tidak ada solusi, nanti saya report ke google klo duit gw kagak dibalikin.",Negatif
354,sae epo3l,"Busnya dikit amat, kbanyakan sumber alam",Negatif
355,FU_88,Sangat membatu ada aplikasi ini ga usah antrih. Mangga kode ref rednysfk,Positif
356,muhammad faisol,Sangat membantu dalam mencari tiket Bus,Positif
357,Intan Trie khairunissa,Sudah pesan sudah bayar malah di bilang kursi yang di inginkan malah ga bisa duit ketahan padahal lagi buru buru tolong di perbaiki lagi sistemnya kalau memang kursi sudah tak tersedia jangan di kasih kode pembayaran !!!!,Negatif
358,Agus Asarry,aplikasi membantu buat beli tiket,Positif
359,Tuhyono,"Saya salah pilih tanggal,udah bayar ternyata gak bisa di batalkan",Negatif
360,setyawan ari wibowo,Mantab cepat dan murah,Positif
361,Mahendra cipta,"Aplikasi konyol, sudah pesan dan transfer sebelum batas waktu malah ditolak dan disuruh nunggu refund 5-7hr jam kerja. Pembatalan sepihak.. jangan menggunakan aplikasi ini..!!!!",Negatif
362,Muthia Suryo W.,"Minta refund dana aja susahnya minta ampun. Sampai harus berhari"" dan tdk ada kejelasan. Ntah bnran di refund atau ngga nya smpai capek harus bolak balik email, telfon dll.",Negatif
363,Rena Widya Kusuma,"Nyaman, mudah dan dapet diskon pula",Positif
364,Fernanda Dita,"Udah pesen tiket, udah dibayar.. udah dikonfirmasi ke agen.. eh tiba"" ada telfon suruh ajuin pwngembalian dana.. infonya lewat email. Tp sampe sekarang gaada email sama sekali.",Negatif
365,Beny Purworejo,Aplikasi yang bagus semoga bisa update lagi semangat Reed bus,Positif
366,aries fauzy,"Kurang bagus kode feferal IDAPP tidak bisa dipake katanya disc,10%",Negatif
367,Tarjono Tarjono,"Belum pernah coba mudah mudahan,mudah caranya/gampang",Positif
368,rama primadan,Sangat membantu untuk pemesanan bus...,Positif
369,fadli siregar,"Ga jadi download,isi nya penyelasan semua, takut juga bisa bisa gw ikut dalam kumpulan orang orang yang menyesal dan sakit hati,gw kasih lah Bintang atu",Negatif
370,Angger Pamungkas,"sudah transfer,e ticket sdh keluar, tiba2 di telfon cs harus tmbh biaya atau refund karena kesalahan harga. heey yang salah pasang harga kalian, kenpa customer yg dirugikan!!!",Negatif
371,Achmad Zakkan,"User friendly, banyak pilihan pembayaran.",Positif
372,Hijriatin Arohmi,"Jadwal keberangkatan jauh beda dengan di jadwal, pihak kantor sama oprasional bus misskom. Ga tau ada yg beli tiket online, kantor bus ga bisa di hubungi minta bantuan cs dari aplikasi pun sama gaada bantuan samsek. intern nya aja kacau. Gimana mau ngasih pelayanan yg baik ke customer. Plis perbaiki dulu ya CACAT BGT JELEKKK PARAH. Kalo mau donwnload ni apk mikir2 dulu ya wankawan",Negatif
373,Husnul Khotimah,"Tiket gak sesuai jadwal, tempat kursi juga gak sesuai di pesanan. Nunggu dari jam 13:46 bis nya tiba jam 17:19 . Lain kali jadwal dan tmpt kursi itu harus sesuai jangan kayak gini. Kurang memuaskan pengguna aplikasi jadi saya kapok pesan pesan disini lagi",Negatif
374,Abdull rohman Assidiq,"Rugi banget pake apk ini, sudah jelas"" dtang jam sesuai yg di tentukan , malah ktinggalan, pengaduan sudah pdahal sama sekali tidak ada info panggilan bilangnya gak bisa di hubungi, uang tiket ya loss , sama sekali tidak ada kebijakan, padahal di apknya jelas"" ada jaminan 75% kembali ini tidak sama sekali.",Negatif
375,Naila Karimah,"Parah nih..Booking daytrans tiket bekasi jakarta di aplikasi ada tempat turun di sumber arta, bayar harga tiket harga jakarta sample pool shelter ternyata udah ga ada tujuan sumber arta jd masuk tujuan bekasi harga jakarta di aplikasi lain cuma 67rb, aplikasi ini bayar 90rb",Negatif
376,cecep firdaus,"Pemesanan tiket semakin mudah, namun PO nya masih terbatas",Positif
377,Hapsoro Hadinoto,"Mudah penggunaannya. Sdh pernah pakai 6x, memuaskan",Positif
378,Roni Wibiharto,Pertama kali pesan tiket lewat redbus.. untuk perjalanan ke Prabumulih. Dan sudah bayar langsung di cancel oleh redbus.. sangat mengecewakan aplikasi sampah,Negatif
379,Mick Doohan,"Kenapa ini, di ketik semarang di kolom masukan asal koq keluar tulisan tidak ada pencarian ditemukan, apa red bus sudah tidak melayani kota semarang lagi. Terpaksa saya kasih bintang 1 dulu",Negatif
380,jalur kiri,Ketika di order rupanya bisnya gak ke tempat tujuan yg tertera di aplikasi  trus . Pengembalian duitnya 1-7 hari ,Negatif
381,Pum Bayens,Aplikasi Error tidak bisa menemukan lokasi/kota/terminal di kolom pencarian. Biasanya lancar,Negatif
382,Mohamad Sunandar,Abis update Pencarian kota masa jdi pda kga ada Parah bener Update bukanya bagus Malah burik Gx ada perbaikan mh apus nh aplikasi Pindah yg logo biru,Negatif
383,Just Wardoyo,"Gimana sih ini aplikasinya. Saya pilih kota asal Jakarta tapi ""tidak ada pencarian ditemukan""..",Negatif
384,Andriyanto Teguh,"Sudah dua kali saya transaksi sesuai email Redbus, uang terbayar, namun tiket dibatalkan karena kesalahan teknis. Uang akan dikembalikan 7 hari kerja, dengan permintaan maaf saja. Saya rugi, tidak ada kompensasi.",Negatif
385,Sukirno,Aplikasi sampah . Pas pemesanan sudah tertera fasilitas bus executive class . Setelah tiba Di PO . Jadi patas VIP. Tolong ngasih info yang benar. Nyesal download/ pakai aplikasi ini . Buat yang lain jangan pesan bus lewat aplikasi ini . Saya jamin nyesal,Negatif
386,Raden dwiki,"Telat 10 menit tapi ditinggal dan tiket hangus, gaakan pesan lagi :)",Negatif
387,Mr Tahfidz Official,"Saya udah 15 kali perjalanan, alhamdulillah aplikasi ini amanah, semoga setelah saya pesan lagi sesuai dengan rencana.....",Positif
388,Nur Khamdan,"Jika terjadi masalah saat melakukan perjalanan, pihak Red Bus hanya menyampaikan informasi saja dari pihak bus. Menurut saya tidak memberikan solusi yang baik",Negatif
389,Made Wirawan,Baru dua kali pakai. Kasus pertama bus saya full dan malah direschedule besoknya. Kasus kedua jadwal keberangkatan dan tiba tidak sesuai dengan jadwal penyedia layanan bus. Saya rasa koordinasi antara redbus dan penyedia layanan bus masi belum optimal.,Negatif
390,fauzul azmi,"Aplikasi jelek, jam berapa perkiraan nya jauh banget, no kursi juga buat apa, kalau ujung"" nya duduk bebas,",Negatif
391,Alvina Rahmatika Salamah,Aplikasi stlh d update eror terus gaada bis.. jadi sebel.. tolong diperbaiki lagi ,Negatif
392,Ynci Cikarang,Alhamdulillah lancar dan mudah dalam perjalanan,Positif
393,Awan Gumilang H,"Mohon untuk tim IT perbaiki kembali aplikasi nya supaya sesuai dengan perusahaan bus masing masing dan jangan lupa untuk diadakan perawatan aplikasi dan pembaharuan fiture supaya lebih update dan user interface yang menarik, terimakasih semoga kritikan dan saran penilaian dijadikan bahan evaluasi supaya lebih baik lagi.",Positif
394,budi prasetyo,Sangat mudah digunakan dan sangat banyak pilihan busnya.,Positif
395,rico kurnia,"Sebelumnya saya sudah beberapa kali memesan tiket lewat aplikasi ini, namun kemaren saya sempat batalin tiket karena ada keperluan mendadak dan parahnya tidak ada refund sama sekali untuk pembatalan tiket, sangat mengecewakan, dan ini terkahir kali saya menggunakan aplikasi ini dan tidak akan pernah lagi maaf ",Negatif
396,Dea Welmy Ratna Putri,Lusa kemarin 15 februari 2022 saya memesan tiket bus shantika tujuan kudus - jakarta (pulogebang).. saya memesan nomor kursi pada 3-4-6.. kenapa pada saat saya ke terminal hari ini pada tgl 17 februari 2022 nomor kursinya berubah jadi 17-18-19?? Saya sebagai customer sangat amat kecewa.. saya tidak mau ada alasan dr pihak manapun..,Negatif
397,Nanang Hendrianto,Pengoperasian aplikasi sangat mudah dan sangat membantu pada saat pemilihan tempat duduk pada masing2 bus,Positif
398,Zhafran Ammar,"Aplikasi payah uninstall aja... Ga seperti dulu lancar, sekarang banyak hangnya.. verifikasi nomor telp pake otp cuma bisa sekali. Pas keluar trus mau login lagi ngga ada sms otp masuk. Dicoba berulang-ulang sama aja.",Negatif
399,Sanu 79,"Mantap, mudah digunakan, proses transaksi cepat.",Positif
400,Pt. Maspoin Indonesia,Ribet!! Lemot!! Tidak update!!! Kecewa,Negatif
401,Harrys Pratama,"sangat membantu dan bebas dari kerumunan saat beli tiket, dan tinggal langsung naik saja di bus-nya",Positif
402,Kevin Prasetio A,"Heh developer, apk mu error, masa masuk ke menu pembayaran nge freeze apk nya kek mana si, gagal terus mo pembayaran",Negatif
403,M Bolang,Aplikasi yg sangat membantu perjalanan bisnis saya...Terimakasih RedBus,Positif
404,eeng suhendi,Mudah order tiket dan selalu ada discount hehe,Positif
405,Nur Kholis Achmad,"Setiap saya mau order bus pakai aplikasi redbus selalu gagal di data identitas, padahal nomor NIK yang saya input benar sesuai KTP tetap dinyatakan tidak valid.",Negatif
406,Nida Azhari,"Mau pake app ini lagi asal diperbaiki kualitas layanannya. Pesan pertama dan ke 2 oke. Yg ke 3 Miss, ditinggal bus Santoso alasan telat bus datang jam 2 ditunggu 8 menit ngg datang terus ditinggal, padahal saya pesan keberangkatan jam 2.30. duit ilang g tanggung jawab baik PO bus Santoso maupun appnya",Negatif
407,Muhamad Tarjono,"Penangan cepat namun complaint melalui email, Saran ada wa/tlp dan informasi WA CS langsung dijawab, sehingga Customer bs mendapat info selanjutnya dengan valid.",Positif
408,Ovian SenandaRiadri,"Pajak nya mahal mending pesen ke agen langsung via transfer, udah gitu kalo udah make voucher sekali seterusnya gak bisa make walaupun beda voucher, rutenya juga kurang lengkap banyak Po yg gak ada dibeberapa jurusan",Negatif
409,Alfie Yan,Aplikasi ga guna mesen no 1 masa disana masa no 6 kursi gmna sih apk gak guna mending langsung dari pada pake apk sampah ini dasar mf.,Negatif
410,gaming play D12,Daftar di awal saja otp susah gmna pelayanan nya klo di awal saja sudah begini!!!,Negatif
411,Edi Dimyati,Mudah pesan tiketnya. Dan selalu diingatkan untuk jadwal keberangkatan.,Positif
412,Karen Presets,"Aplikasi busuk. Penumpang ga dapet kursi, disuruh duduk bawah selama perjalanan 12 jam. Ga ada kompensasi lagi. Hati-hati yang pakai app ini terutama PO bus Handoyo.",Negatif
413,Lyn!! Carlyndha,Aplikasi nya bagus.. pas banget buat beli tiket dadakan.. sukses buat aplikasi redbus,Positif
414,Taufik Rahman,"Sangat membantu, harga jg sama dengan beli di pool.",Positif
415,Heriswara,"Susah banget, cara mendapatkan OTP di Aplikasi ini bagaimana. Dari tadi gagal terus",Negatif
416,Adha fadin,Ini gimana sih mau pesen tiket kok pembayaran ditolak terus sudah tiga kali pula,Negatif
417,Oka Rezki,Baru mau pesen dsuruh bayar virtual waktu diberi cuma 6mnit no virtual gak muncul2..stelah baca rivew bnyak yg *1 gak jd deh pesen pake ini takut ntar drugikan juga kek yg lain,Negatif
418,wahid ustadin,Mana nomer otp nya ko ga dipikirin kirim gima si ni aplikasi mau daftar ga bisa,Negatif
419,_-_-_-_,G bisa masuk akun padah nomer nya sudah benar. Tapi kode otpnya g di kirim kirim. Buruk sekali pelayanan redbus,Negatif
420,Hendrik Kurniawan,Aplikasi sudah cukup bagus. Kalo bisa di tingkat kan lagi. Saran aja begitu chekout bayar di tempat ada perubhana tujuan. Supaya gak ada cancel perjalanan,Positif
421,Ruth Tiara,"Gajelas banget promonya...akun baru didaftarkan tapi ga bisa pake promo New. Ngaco bener nih..di Wa ga di bls, di DM ga di respon, ntar kita komen di IG, dilempar suruh nge DM -_-... sampah bgt",Negatif
422,aziz alghifari,"Mempermudah, akan tetapi pembayaran dilakukan harus menyesuaikan tenggat waktu yg cukup sempit.. 7 menit ubtuk pemilihat metode pembayaran, dan 50 menit untuk proses pembayaran.. Diharap mempersiapkan pembayaran terlebih dahulu sebelum memesan...",Positif
423,wahyu saputra,KECEWA!!! aplikasi ini tidak disarankan PO bus yang kerjasama dengan redbus tidak profesional. Telat parah pelayanan sangat buruk,Negatif
424,Yudi Wahyu,Harga lebih mahal 20% dari tarif agen Kelebihannya cara pembayarannya flexible.,Negatif
425,Kris Budiyanto,1.sumber daya manusia nya 2.agen terminal wajib memiliki komputer/laptop/ipad mesin cetak 3.jangan menaikan harga tiket dalam hitungan jam 4.contohlah seperti kereta api indonesia pemesanan tiket dan refund nya,Negatif
426,Agung Haryanto,"Mudah dan Aman utk order, tp belum nyoba naik busnya",Positif
427,wong desa,Bagus dan harga tiket tetap sama,Positif
428,Sugeng Haryono,Lebih mudah melakukan perjalanan,Positif
429,Frans Bernard,Mudah & Cepat. Membantu sekali ! 😃👍,Positif
430,refi taufiq,"Keren sih pelayanannya, gua pas transfer lupa masukin kode referal, terus ngehubungin adminnya, dan langsung dibantu doong mantaaap pokoknya.",Positif
431,Al Hidayat,Informasi yang jelas dan detail,Positif
432,BBRS CHANNEL,"proses cetak tiket nya gampang, harga sama aja tapi bisa dapet diskon dari voucher😎 sukses terus redBus😍, yang ngatain redBus jelek berarti dia ga paham dengan sistem nya😏",Positif
433,Jaya Turani,"Aplikasi nya bagus,sangat membantu dalam memesan tiket,jangan lupa yang baru daftar masukan kode redzgign biar dapet poin",Positif
434,Del Firman,Simple dan lengkap pilihannya,Positif
435,Achmad Mirza,Suatu aplikasi yang sangat dan membantu untuk memesan tiket pembayaran gampang,Positif
436,Emiliani Chandra,Aplikasi mudah digunakan dan petunjuk jelas,Positif
437,muslim AR,"Saya kesini karena layanan dari redbus keren abiss. cepat, mudah dan efisien mau pembatalan refund dibayar 100% saat itu juga, emang dah cuma gara2 ini saya kasih bintang 5.",Positif
438,dwi prasetiyo,Aplikasi super terbaik dan banyak promonya,Positif
439,Natasha Firdaus,"Baru pertama coba, senengnya ada diskon buat pengguna baru, semoga perjalanan nya aman selamat lancar barokah bersama travel yang saya pilih aamiin",Positif
440,Hindrasto MSc,Semakin mantap dan lancar,Positif
441,Ferry Kurniawan,"Masukan code : redevzzky Agar dapat bonus ,aplikasi nya recomended ,, dan mudah",Positif
442,Noor Rachmat,"Traksaksinya mudah, bisa milih tempat duduk",Positif
443,fadholi Bin ilyas,"Simplw harga bersaing, metode pembayaran banyak",Positif
444,diah winarni,"Mantap banget banyak diskon dapat diskon 30 rbu per tiket, keren promonya",Positif
445,samsul muin2,Respon cs cepat... pemesanan tiket mudah.... good job,Positif
446,Mohammad NurHuda,Pesan tiket bus secara online sangat cepat dan praktis... thx redbus,Positif
447,Nadya Rachmawati Ahyar,Sangat memudahkan dalam memesan tiket travel,Positif
448,Robby Septiahandi,Lumayan lah mempermudah dlam melakukan pemesanan tiket perjalanan..semoga lancar jaya aplikasinya dan gak da kendala,Positif
449,Imam bachtiar,"Aplikasi yang sangat mudah, terjamin, di saat semua moda transportasi masa pandemi, banyak aturan ,naik bus jadi pilihan",Positif
450,Agus brahma purworejo,tingkatkan terus ...respon cepat,Positif
451,Pramono Pramono,"Saya sudah berkali kali mengguna kan RedBus. Aman. Saya juga sempat menikmati discounnya yang sambung menyam bung. Bahkan 2 X mendapat tamba han di dompet RedBus saya masing masing sebesar 100 rb rupiah. Sa yang sekali tambahan 100 ribu yang masuk le dompet RedBus saya pa da tanggal 15 Januari 2021, ahirnya hangus. Karena sampai batas ahir berlakunya habis. Karena saya di rumah saja akibat dari masalah menyebarnya Covid 19. Maju terus RedBus.",Positif
452,Nana B,Terima kasih telah merespon cepat keluhan saya. Mantap dan manta. Semoga kedepannya tetap menjadi yang terbaik untuk melayani. Udah saya kasih bintang 5 ya atas reaponya yg cepat. Berharap jam keberangkatan sesuai Yaa. Harus sesuai dgan jadwal saat pemesanan.. Makasih,Positif
453,BESATU INFO,Praktis dan cepat mendapatkan tiket,Positif
454,Nurnaningsih Chandra,Enak naik travel Pasteur Beli tiket lewat Red Bus... Dijamin mudah dan pelayanan ya OK.. sopir²nya ramah dan bawa mobilnya enak... Tdk ngebut Makasih setiap ke bandung atau balik kebogor saya senang naik travel Pasteur Selalu semangat dan bisa santai hati menjadi nyaman dlm setiap perjalanan Makasih byk Salam Nurna,Positif
455,Metha Ridho,Aplikasinya bagus banget membantu juga customer servicenya sedih aja sih banyak yg nilai 1 bintang,Positif
456,Zahrah A Dewi,"Aplikasi terbaik. Setiap saya terjadi kendala, langsung ditangani dengan baik dan kurang dari 3 jam sudah teratasi 👍",Positif
457,mochamat busro,"Transaksi dan pembayaran mudah dan banyak alternatif cara pembayaran, serta ada discount nya, makasih banyak",Positif
458,Nizar Prama,Lebih murah dari toko sebelah dan mudah banget menggunakannya,Positif
459,Pang5 Id,Baru nemu aplikasi pesan bus ini belum coba tp aplikasi seperti ini sangat membantu dan bagus buat kedepan lebih baik,Positif
460,SR Gallery,Terimakasih redbus...banyak promo dan diskonnya..pilihan transportasi beragam...dan tentunya sangat mudah penggunaannya. Oh iya...tambahin lagi titik naik nya..seperti di terminal transitan nya/terminal lintas.,Positif
461,Wisnu Adi,"Aplikasinya sangat friendly user, bahkan utk pemakai pertama",Positif
462,Isa Fansuri,Mantap banget dhe...canggih simple sederhana mudah dan gampang...,Positif
463,Ariyadi Nugroho,"Mantap, Tinggal lihat produk Bis didalamnya sesuai ekspektasi ",Positif
464,Indriya Akhmadi Gunawan,Membantu dan mudah prosesnya,Positif
465,Suharsono Eddy,"Mudah tiketnya, jurusan bus lebih banyak dan keren banget sangat membantu untuk perjalanan ke luar kota",Positif
466,Machfud Bhayu,Pesan bis jadi lebih mudah dan jelas! Kerennn,Positif
467,Alindbia Prayogi,Saya dan istri udh pake...menurut saya sempurna sejauh ini melakukan perjalan baik dengan akun istri saya ataupun akun saya. Semoga trus dipertahankan dsn makin sempurna lagi.,Positif
468,Faisol Maki,"Good, apalagi kalau titik penurunan di ditingkatkan lagi",Positif
469,EFFENDI,Sangat mudah untuk melakukan perjalanan..,Positif
470,Denny Juzaili Abu Muhammad,Alhamdulillah. Tahun 2017 saya kasih 1 bintang. Sekarang 5 bintang. Karena setelah itu 2x beli tiket lancar nan cepat.,Positif
471,Ary Kie,Ternyata transaksi di redbus mudah dan praktis 👍👍,Positif
472,Muhammad Fauzi,"Alhamdulillah ternyata bisa refund dengan baik,, aku sedikit ragu bisa refun di redbus karna banyak komentar komentar Negatif dengan bintang 1 di redbus, namun ternyata uang saya tetap kembali,, terima kasih redbus👍",Positif
473,Sarirahayu Novitadewi,"Termudah, ternyaman, terpercaya hanya hal baik yang dapat saya tuliskan semua sangat baik bagi saya",Positif
474,Abdurrahman Haidar,"Alhamdulillah, pertama menggunakan sukses. Pesan PO Haryanto, tinggal nunjukin SMS masuk dan Transaksi pembayaran di Aplikasi, petugas ticketing PO langsung ngasih tiket sesuai pesanan di aplikasi. Bus datang langsung disuruh naik. Terimakasih Redbus, Terimakasih Haryanto.",Positif
475,rachmat prayogo,"Bagus simpel, Cust Service juga Respon nya cepat",Positif
476,Rafael Lia Ayu Puspita,Cukup mudah dan enak. Kapan saja dibutuhkan tinggal klik,Positif
477,Roy The Dragon,Lebih gampang dan cepat.,Positif
478,Muhammad Amin,Aplikasi redbus sanggat membantu saya selalu anak rantau.pulang kampung menjadi lebih mudah,Positif
479,nissa rosmatillah Mitsalia,"Pemesanan mudah dan cepat, thank you redbus",Positif
480,yaming AFuadi,Aplikasinya sangat membantu dalam mencari dan membeli tiket bus,Positif
481,ajon sunardi,Lebih banyak pilihan bus dan relatif,Positif
482,ACH GHOIB AL AMIN AMIN,Aplikasi bagus namun untuk tiket di PDF kalau bisa nominalnya jangan di munculkan kasih 2 resit.,Positif
483,Shofa Humairo,"Setelah pernah bermasalah dengan redbus di 2018, akhirnya tetap mencoba memakai layanan ini alhamdulillah sudah banyak perbaikan dan banyak kemudahan yang saya dapatkan. Trimakasih pihak manajemen redbus selalu mengutamakan pelayanan customer dan senantiasa ber improvement.",Positif
484,Mohamad Alfajar,Memudahkan dalam pemesanan tiket bis dengan sistem di Indonesia yang agen to agen sangat cocok aplikasi ini. Terus ditingkatkan,Positif
485,Caroline Maria,Sangat terbantu menggunakan redBus... lebih cepat dan mudah... terjamin.... trimakasih... ^^,Positif
486,mazdjarwo dansek,Sangat mudah dan membantu ... Kalau bisa sering ada promo ...,Positif
487,Andri Purwati,Semoga untuk ke depan nya makin banyak pilihan untuk operator bus ny dan banyak juga untuk pilihan tipe class bus ny tiap PO,Positif
488,muhammad riza setiawan,Mantab harga cukup relatif murah daripada aplikasi travel sejenis,Positif
489,Rusdian,"Terpercaya banget, mau naik bus langsung diskon lumayan ada potongan s/d 20 ribu menanti langsung ajaa masukin kode : redatlcs Pesan tiket tanpa was was dijamin termurah!",Positif
490,Irwan Julyanugraha,"Duh gimana sih, saya beli di travelnya 110 k, beli di sini ko 80 k, saya kan orng kaya masa dikasi murah bgt. Udh gitu di kasih potongan jadi bayar 70 k, harga dri saya sbg orng kaya jatuh",Positif
491,Amril Perez FuLL,Lumayan lancar.. bagus utk perkotaan.,Positif
492,Dede Ansor,Sudah ada perbaikan dr pihak redbus. Dan lumayan fast respon. Jangan takut ya gaess,Positif
493,Andre Brama Alvari,Mantap selama masih ada promo,Positif
494,tommy cressida,"Bagus, ontime, terjangkau, pilihan lain selain naik bis",Positif
495,Gang Buntu,aplikasi yang keren dan sangat mudah digunakan,Positif
496,Ali Masykur,Pemesanan yg praktis dengan perjalanan yg nyaman,Positif
497,Galih Suma Telada,Aplikasi keren yg adminnya aktif nelponin usernya. Dan saran dari usernya juga di follow up loh. Salut!,Positif
498,Irwan Wijayakusuma,"Cara mudah pesen tiket Bis, sangat membantu sekali, terimakasih RedBus",Positif
499,Ibnu Nailul marom,"Sangat bagus dan membantu perjalanan saya, aplikasi mudah dan simple penggunaanya good aplikasi.",Positif
500,Zesa Cesar,"Mantap,, banyak promo nya..",Positif